[이차원배열],prometheus gallery,enterance,infor
[이차원배열],prometheus gallery,enterance,exhibit enterance,
[이차원배열],prometheus gallery,enterance,
[이차원배열],prometheus gallery,exit,sitting place
[이차원배열],prometheus gallery,exit,exhibit exit
[이차원배열],prometheus gallery,exit,bench
[이차원배열],prometheus gallery,firsh exhibit place,stand exhibit
[이차원배열],prometheus gallery,firsh exhibit place,wall exhibit
[이차원배열],prometheus gallery,firsh exhibit place,sofa
[이차원배열],prometheus gallery,firsh exhibit place,chair
[이차원배열],prometheus gallery,second exhibit place,first exhibit wall
[이차원배열],prometheus gallery,second exhibit place,second exhibit wall
[이차원배열],prometheus gallery,second exhibit place,third exhibit wall
[이차원배열],prometheus gallery,second exhibit place,fourth exhibit wall
[이차원배열],prometheus gallery,second exhibit place,fifth exhibit wall
[이차원배열],prometheus gallery,second exhibit place,sixth exhibit wall
[이차원배열],prometheus gallery,second exhibit place,bean bag
[이차원배열],prometheus gallery,second exhibit place,wall exhibit
[이차원배열],prometheus gallery,third exhibit place,sofa
[이차원배열],prometheus gallery,third exhibit place,wall exhibit
[이차원배열],prometheus gallery,third exhibit place,stand exhibit
